-- phpMyAdmin SQL Dump
-- version 3.3.7deb6
-- http://www.phpmyadmin.net
--
-- Хост: localhost
-- Время создания: Авг 23 2011 г., 18:14
-- Версия сервера: 5.1.49
-- Версия PHP: 5.3.3-7+squeeze3

SET SQL_MODE="NO_AUTO_VALUE_ON_ZERO";

--
-- База данных: `remote_edu`
--

--
-- Дамп данных таблицы `applications`
--

INSERT INTO `applications` (`app_id`, `user_id`, `object_id`, `type`, `status`, `contract_filename`, `date_app`) VALUES
(1, 3, 1, 'program', 'finished', '6c998084e840917c05db421a8041330b', NULL),
(2, 3, 6, 'discipline', 'signed', NULL, NULL),
(4, 3, 2, 'program', 'signed', '6c998084e840917c05db421a8041330b', NULL),
(5, 3, 2, 'discipline', 'signed', '4655d840e6b0e290cf82a7c57f442a49', NULL),
(7, 3, 3, 'discipline', 'declined', NULL, '2011-07-08'),
(8, 3, 3, 'discipline', 'prepaid', '5d8cc7bb831da7db0b1359cec7451435', '2011-07-08'),
(10, 9, 3, 'program', 'signed', '5cebf2e6b2e5b217168f8f49183f2cb9', '2011-07-11'),
(11, 9, 3, 'discipline', 'finished', '8c6b91e6fbef556a4b9008b68c340a15', '2011-07-11'),
(12, 9, 5, 'discipline', 'finished', '754a9757b421d2a170e40155447f0e14', '2011-07-15'),
(17, 3, 4, 'discipline', 'accepted', '143e661f089f3db4306eb987eb044816', '2011-08-12'),
(13, 3, 5, 'discipline', 'accepted', 'f28d221d18245bb00bd81aee471087e6', '2011-07-15'),
(14, 3, 7, 'discipline', 'finished', '500ed4e9f846b8cfc781a69a524b1791', '2011-07-15'),
(15, 9, 4, 'discipline', 'declined', NULL, '2011-07-15'),
(16, 9, 4, 'discipline', 'finished', 'b1919cb9679b9c42e9dc76f47715df70', '2011-07-15'),
(18, 9, 1, 'program', 'accepted', 'b27d598e10def4dbb5218fafd2418a78', '2011-08-12'),
(19, 9, 7, 'discipline', 'signed', NULL, '2011-08-16');

--
-- Дамп данных таблицы `apps_history`
--

INSERT INTO `apps_history` (`app_id`, `status`, `modifed`) VALUES
(1, 'applied', '2010-02-15 19:29:34'),
(2, 'applied', '2010-02-15 20:20:08'),
(4, 'applied', '2011-02-18 12:42:07'),
(5, 'applied', '2011-02-23 21:05:59'),
(9, 'applied', '2011-07-08 13:56:27'),
(7, 'applied', '2011-07-08 13:20:14'),
(8, 'applied', '2011-07-08 13:21:43'),
(10, 'applied', '2011-07-11 12:16:14'),
(11, 'applied', '2011-07-11 13:16:47'),
(12, 'applied', '2011-07-15 12:44:40'),
(13, 'applied', '2011-07-15 16:47:38'),
(14, 'applied', '2011-07-15 16:53:54'),
(15, 'applied', '2011-07-15 18:05:18'),
(16, 'applied', '2011-07-15 18:07:02'),
(14, 'signed', '2011-07-18 12:48:33'),
(17, 'applied', '2011-08-12 17:10:10'),
(17, 'accepted', '2011-08-12 17:10:19'),
(18, 'applied', '2011-08-12 17:28:27'),
(18, 'accepted', '2011-08-12 17:28:50'),
(11, 'finished', '2011-08-15 13:59:54'),
(14, 'finished', '2011-08-15 14:46:24'),
(1, 'finished', '2011-08-16 12:42:01'),
(8, 'prepaid', '2011-08-16 13:24:43'),
(19, 'applied', '2011-08-16 14:46:39'),
(19, 'accepted', '2011-08-16 14:46:58'),
(19, 'signed', '2011-08-16 15:48:31');

--
-- Дамп данных таблицы `checkpoints`
--

INSERT INTO `checkpoints` (`section_id`, `active`, `title`, `text`, `type`, `test_id`) VALUES
(1, 0, '', NULL, '', NULL);

--
-- Дамп данных таблицы `checkpoints_students`
--

INSERT INTO `checkpoints_students` (`section_id`, `student_id`, `created`) VALUES
(4, 3, '2011-02-14 00:19:36'),
(2, 3, '2011-07-21 15:08:36'),
(11, 3, '2011-07-08 13:59:43'),
(3, 9, '2011-07-27 11:18:00'),
(1, 9, '2011-07-15 17:23:34'),
(6, 9, '2011-07-20 14:55:11');

--
-- Дамп данных таблицы `controls`
--

INSERT INTO `controls` (`control_id`, `control_material_id`, `section_id`, `active`, `auto_set_credit`, `control_material_type`) VALUES
(1, 9, 1, 1, 0, 'practice'),
(60, 10, 1, 1, 0, 'practice'),
(3, 11, 1, 1, 0, 'practice'),
(4, 12, 1, 1, 1, 'control'),
(47, 1, 5, 0, 0, 'test'),
(6, 15, 2, 1, 0, 'control'),
(26, 1, 13, 0, 0, 'test'),
(8, NULL, 2, 1, 0, 'credit'),
(9, NULL, 3, 1, 0, 'credit'),
(10, NULL, 4, 1, 1, 'credit'),
(11, NULL, 5, 1, 1, 'credit'),
(12, NULL, 6, 1, 1, 'credit'),
(13, NULL, 7, 1, 0, 'credit'),
(14, NULL, 8, 1, 0, 'credit'),
(15, NULL, 9, 1, 1, 'credit'),
(16, NULL, 10, 1, 1, 'credit'),
(17, NULL, 11, 1, 1, 'credit'),
(18, NULL, 12, 1, 1, 'credit'),
(80, 49, 15, 1, 1, 'control'),
(20, NULL, 14, 1, 1, 'credit'),
(27, NULL, 13, 1, 0, 'credit'),
(32, 21, 3, 1, 1, 'control'),
(68, NULL, 11, 1, 0, 'credit'),
(29, 1, 1, 1, 0, 'test'),
(70, 12, 2, 1, 0, 'test'),
(81, 50, 18, 1, 1, 'practice'),
(79, 48, 13, 1, 1, 'control'),
(69, 1, 11, 1, 0, 'test'),
(82, 51, 19, 1, 1, 'practice'),
(84, 53, 6, 1, 0, 'control'),
(85, 59, 8, 1, 1, 'practice'),
(86, 8, 1, 1, 0, 'control'),
(87, 60, 7, 1, 0, 'control'),
(88, 14, 14, 1, 0, 'control');

--
-- Дамп данных таблицы `controls_students`
--

INSERT INTO `controls_students` (`control_id`, `student_id`, `mark`, `control_date`) VALUES
(9, 3, 'm4', '2011-08-04 12:27:46'),
(32, 3, 'm3', '2011-08-03 14:52:58'),
(12, 3, 'yes', '2011-08-03 15:13:44'),
(13, 3, 'yes', '2011-08-03 15:30:34'),
(49, 3, 'yes', '2011-08-03 15:21:18'),
(14, 3, 'yes', '2011-08-03 15:30:52'),
(49, 9, 'yes', '2011-08-03 16:05:15'),
(13, 9, 'yes', '2011-08-03 16:05:16'),
(16, 3, 'm3', '2011-08-03 15:54:08'),
(14, 9, 'yes', '2011-08-09 14:55:25'),
(70, 3, 'yes', '2011-08-22 14:25:52'),
(6, 3, 'm5', '2011-08-12 10:53:38'),
(27, 3, 'yes', '2011-08-12 12:50:26'),
(79, 3, 'yes', '2011-08-12 17:24:48'),
(80, 3, 'yes', '2011-08-12 17:25:04'),
(81, 3, 'yes', '2011-08-12 17:26:30'),
(70, 9, 'yes', '2011-08-23 18:00:22'),
(18, 3, 'yes', '2011-08-12 17:38:13'),
(10, 9, 'yes', '2011-08-12 17:44:26'),
(82, 3, 'm4', '2011-08-15 17:24:15');

--
-- Дамп данных таблицы `credited_sections_students`
--

INSERT INTO `credited_sections_students` (`section_id`, `student_id`, `created_date`) VALUES
(4, 3, '2011-02-14 00:19:36'),
(15, 3, '2011-08-12 17:25:04'),
(11, 3, '2011-07-08 13:59:43'),
(1, 9, '2011-07-15 17:23:34'),
(6, 9, '2011-07-20 14:55:11'),
(6, 3, '2011-08-03 15:13:44'),
(7, 3, '2011-08-03 15:30:34'),
(8, 3, '2011-08-03 15:30:52'),
(9, 3, '2011-08-03 15:49:56'),
(10, 3, '2011-08-03 15:54:08'),
(7, 9, '2011-08-03 16:05:16'),
(18, 3, '2011-08-12 17:26:30'),
(12, 3, '2011-08-12 17:38:13'),
(13, 3, '2011-08-12 17:24:48'),
(8, 9, '2011-08-09 14:55:25'),
(4, 9, '2011-08-12 17:44:26'),
(19, 3, '2011-08-15 17:24:15');

--
-- Дамп данных таблицы `disciplines`
--

INSERT INTO `disciplines` (`discipline_id`, `program_id`, `serial_number`, `title`, `coef`, `labour_intensive`, `responsible_teacher`) VALUES
(1, 1, 0, 'Бесплатная дисциплина 1', 70, 50, 2),
(2, 1, 1, 'Бесплатная дисциплина 2', 30, 50, 2),
(3, 2, 1, 'Платная дисциплина 1', 10, 100, 2),
(4, 2, 0, 'Платная дисциплина 2', 40, 100, 2),
(5, 2, 2, 'Платная дисциплина 3', 50, 100, 8),
(6, 3, 0, 'Сайтостроение', 60, 64, 2),
(7, 1, 2, 'Еще одна бесплатная', 10, 23, 8);

--
-- Дамп данных таблицы `edu_docs`
--

INSERT INTO `edu_docs` (`edu_doc_id`, `user_id`, `type`, `custom_type`, `number`, `exit_year`, `speciality`, `qualification`) VALUES
(1, 3, 'diploma-high', '', '12345', 2011, 'Прикладная информатика', 'Инженер'),
(2, 9, 'diploma-high', '', '777', 2009, '22.04', 'Инженер');

--
-- Дамп данных таблицы `examinations`
--

INSERT INTO `examinations` (`examination_id`, `user_id`, `test_id`, `time`, `num_errors`, `num_questions`, `passed`, `created`) VALUES
(1, 3, 12, 17, 0, 1, 'true', '2011-08-10 13:40:33'),
(2, 3, 12, 2, 1, 1, 'false', '2011-08-11 11:11:08'),
(3, 3, 12, 2, 0, 1, 'true', '2011-08-11 18:09:40'),
(4, 3, 12, 2, 1, 1, 'false', '2011-08-11 18:12:35'),
(5, 3, 12, 2, 1, 1, 'false', '2011-08-11 18:12:59'),
(6, 3, 12, 2, 0, 1, 'true', '2011-08-11 18:44:33');

--
-- Дамп данных таблицы `extra_attempts`
--

INSERT INTO `extra_attempts` (`user_id`, `test_id`, `extra_attempts`) VALUES
(3, 12, 1);

--
-- Дамп данных таблицы `localities`
--
/*

INSERT INTO `localities` (`locality_id`, `region_id`, `code`, `name`, `type`) VALUES
(690, 50, 001, 'Орел', 'г');
*/

--
-- Дамп данных таблицы `materials`
--

INSERT INTO `materials` (`id`, `description`, `original_filename`, `mime_type`, `filename`, `section`, `type`, `uploader`, `number`) VALUES
(1, 'Классификация WEB-сайтов', 'material_1.txt', 'text/plain', '219c24c250800f9affaa6cd0679f0095', 5, 'lecture', 2, 0),
(2, 'Этапы проектирования WEB-сайтов', 'material_2.txt', 'text/plain', '70fb3bb2ca4b2ee5ce3d00253baca285', 5, 'lecture', 2, 0),
(3, 'Обзор средств, используемых в сайтостроении', 'material_3.txt', 'text/plain', '5de2ad87f44b00204c347c1e77471bbc', 5, 'lecture', 2, 0),
(9, 'qwe11111', '2.sql', 'text/x-sql', 'bbb8a0d589f0c9e72fd4c0cc431169c5', 1, 'practice', 1, 0),
(10, 'rty', 'Дист.doc', 'application/msword', '2d72c6152502c6e59f37deeb36af8090', 1, 'practice', 1, 3),
(56, '1241', '1.cpp', 'text/x-c++src', '338f5fc8ccf3e21eb4a88448988b7188', 11, 'lecture', 1, 0),
(8, 'zxc', '217-FZ.doc', 'application/msword', 'f85945afac67eae714d8ab1a7f97aecc', 1, 'control', 1, 4),
(11, 'ssdfsdfsdf', '0016-800x333.jpg', 'image/jpeg', '872b914727da7afddaee9691e07e3e9a', 1, 'practice', 1, 1),
(12, 'контр', 'trunc', 'application/octet-stream', '7df8c3d8c5207755766267861cf9a97d', 1, 'control', 1, 2),
(57, 'Куда вернется?', '1.cpp', 'text/x-c++src', 'a71d365aa5d9afaa0fe254fd14c5ba23', 7, 'lecture', 1, 0),
(14, '1313', 'trunc', 'application/octet-stream', '43b31f33efb85a6512879e53f663481c', 14, 'practice', 1, 1),
(15, 'контор', 'teacher_student', 'application/octet-stream', '91fc2675f03bd131d66c56ca64cb4fc7', 2, 'control', 1, 0),
(22, 'конрольная работа №ff', '1.cpp', 'text/x-c++src', 'd5bb39e13f42cb511f2cddb7a272c66e', 14, 'practice', 2, 0),
(21, 'Тест контроля 1', '1.cpp', 'text/x-c++src', 'd337e1013bc3ba0408ff01d7fcf67670', 3, 'control', 2, 1),
(50, 'Что делать?', 'CheckRigths.php', 'application/x-php', '9517b61b125fbf7953019cee325e7d27', 18, 'practice', 1, 0),
(48, 'баб', 'rewrite.load', 'application/octet-stream', 'ef80dcefb00f3c4471ce68c0cac1e3d7', 13, 'control', 2, 0),
(49, 'блин - 1№', '1.cpp', 'text/x-c++src', '7b232f12d5b3136780b3f13a995cb2bf', 15, 'control', 1, 0),
(51, 'еще один материал', 'vpn', 'application/octet-stream', 'fa66c7021de11e2bffa9455161a70ca5', 19, 'practice', 1, 0),
(52, 'что-то о разметке', 'test.php', 'application/x-php', '8cffe70332174fabc6bb2e891dcd92f2', 6, 'lecture', 1, 1),
(53, 'Контрольная работа по разведке', '1.cpp', 'text/x-c++src', 'add957a2b65bb1156d2ed6b85a896144', 6, 'control', 1, 0),
(54, 'практическая по разметке', '1.cpp', 'application/octet-stream', 'be6b4be800f901d25b7d1029c6a70df1', 6, 'lecture', 2, 2),
(58, 'фыав', '1.cpp', 'text/x-c++src', '4fa68abcc670a98c3e93f05e8e5cba7c', 19, 'lecture', 1, 1),
(59, 'ДАВ!!!', '1.cpp', 'text/x-c++src', '011dd40f9c95ea5aa115a63cfd421f96', 8, 'practice', 1, 0),
(60, 'Что-то про дизайн', 'rewrite.load', 'application/octet-stream', '8a2d0067c182a348253fd2ff02208f40', 7, 'control', 1, 1),
(61, '113', '1.cpp', 'text/x-c++src', 'fea47b8ad34efdfdb114ec3000de2e83', 2, 'lecture', 1, 1);

--
-- Дамп данных таблицы `materials_states`
--

INSERT INTO `materials_states` (`student_id`, `material_id`, `state`) VALUES
(2, 1, 'downloaded'),
(3, 2, 'downloaded'),
(3, 3, 'downloaded'),
(1, 6, 'downloaded'),
(1, 1, 'downloaded'),
(3, 7, 'downloaded'),
(3, 10, 'downloaded'),
(1, 11, 'downloaded'),
(1, 9, 'downloaded'),
(9, 1, 'downloaded'),
(9, 7, 'downloaded'),
(2, 10, 'downloaded'),
(3, 8, 'downloaded'),
(1, 12, 'downloaded'),
(1, 14, 'last'),
(3, 12, 'downloaded'),
(3, 13, 'downloaded'),
(3, 51, 'downloaded'),
(3, 48, 'last'),
(2, 52, 'downloaded'),
(2, 53, 'last'),
(9, 22, 'downloaded'),
(9, 14, 'last');

--
-- Дамп данных таблицы `message`
--

INSERT INTO `message` (`message_id`, `from`, `to`, `subject`, `message`, `read`, `time`) VALUES
(1, 3, 2, 'jajdsgf', 'sdfhvry', 'read', 1310127765),
(2, 1, 3, 't;brb', 'ptktyst', 'read', 1310364313),
(3, 1, 9, '2136948', 'stv t', 'read', 1310730209),
(4, 3, 2, 'втор сто', '123243с545 4', 'unread', 1313668184),
(8, 1, 9, 'AAtt', 'aDAD', 'read', 1314102130),
(7, 8, 9, 'сп', 'Степашка, привет!', 'read', 1314097189),
(9, 9, 1, '2456', '24563426', 'read', 1314102894);

--
-- Дамп данных таблицы `message_attachment`
--

INSERT INTO `message_attachment` (`id`, `message`, `original_filename`, `mime_type`, `filename`) VALUES
(1, 2, 'tmp!', 'application/octet-stream', '0893316722f72aadd5085860580542d0'),
(3, 8, 'Тезисы', 'application/octet-stream', 'da1eaf5f182a351e3f9d1cf6fdf45eb7'),
(4, 9, '1.cpp', 'application/octet-stream', '6298310b06fd97f24f036d156bb0418b');

--
-- Дамп данных таблицы `opened_sections_students`
--

INSERT INTO `opened_sections_students` (`section_id`, `student_id`) VALUES
(1, 3),
(2, 9),
(4, 9),
(6, 9),
(7, 9),
(8, 3),
(8, 9),
(9, 3),
(10, 3),
(11, 9),
(12, 9),
(13, 3),
(15, 3),
(18, 3),
(19, 9);

--
-- Дамп данных таблицы `passports`
--

INSERT INTO `passports` (`passport_id`, `user_id`, `series`, `number`, `birthday`, `given_by`, `given_date`, `region_id`, `city_id`, `street`, `house`, `flat`) VALUES
(1, 3, 1234, 123456, '2011-02-01', 'Орловским РОВД', '2011-02-10', 50, 690, 'Старо-Московское шоссе', '2', '43'),
(2, 9, 5410, 777777, '1985-07-11', 'Кем-то выдан', '2010-07-11', 50, 690, 'Улица', '3', '7');

--
-- Дамп данных таблицы `payments`
--

INSERT INTO `payments` (`payment_id`, `app_id`, `amount`, `created`) VALUES
(1, 2, '1600.00', '2011-02-13 23:53:56'),
(2, 2, '80.00', '2011-02-18 11:38:42'),
(3, 4, '45.00', '2011-02-18 12:45:24'),
(4, 4, '15.00', '2011-02-20 13:29:33'),
(5, 4, '20.00', '2011-02-20 13:51:09'),
(6, 2, '5.00', '2011-07-07 17:44:10'),
(7, 2, '5.00', '2011-07-07 17:47:35'),
(8, 4, '1.00', '2011-07-07 17:52:16'),
(9, 4, '1.00', '2011-07-07 17:53:44'),
(10, 4, '1.00', '2011-07-07 17:58:39'),
(11, 4, '1.00', '2011-07-08 12:10:36'),
(12, 10, '5000.00', '2011-07-11 12:21:40'),
(13, 10, '1000.00', '2011-07-11 12:23:47'),
(14, 10, '200.00', '2011-07-15 13:37:47'),
(15, 10, '200.00', '2011-07-15 14:14:21'),
(16, 10, '800.00', '2011-07-15 14:18:24'),
(17, 10, '800.00', '2011-07-15 14:19:24'),
(18, 10, '800.00', '2011-07-15 14:19:58'),
(19, 10, '800.00', '2011-07-15 14:20:12'),
(20, 10, '800.00', '2011-07-15 14:21:22'),
(21, 12, '50.00', '2011-07-15 14:22:07'),
(22, 12, '50.00', '2011-07-15 14:22:35'),
(23, 9, '100.00', '2011-07-15 16:16:41'),
(24, 11, '9.00', '2011-07-15 17:26:00'),
(25, 11, '1.00', '2011-07-15 17:26:26'),
(26, 16, '20.00', '2011-07-15 18:26:02'),
(27, 16, '21.00', '2011-07-15 18:27:07'),
(28, 8, '10.00', '2011-08-16 13:24:43');

--
-- Дамп данных таблицы `phones`
--

INSERT INTO `phones` (`phones_id`, `user_id`, `stationary`, `mobile`) VALUES
(1, 3, '718044', '+7 (905) 165-08-33'),
(2, 9, '', '+7 (777) 777-77-77');

--
-- Дамп данных таблицы `programs`
--

INSERT INTO `programs` (`program_id`, `title`, `labour_intensive`, `edu_type`, `paid_type`, `responsible_teacher`, `cost`, `number`) VALUES
(1, 'Бесплатное направление', 100, 'direction', 'free', NULL, NULL, 0),
(2, 'Платное направление', 300, 'direction', 'paid', NULL, '100.00', 0),
(3, 'Информационные технологии в сфере профессиональных коммуникаций', 498, 'direction', 'paid', NULL, '13000.00', 0);

--
-- Дамп данных таблицы `questions`
--

INSERT INTO `questions` (`question_id`, `test_id`, `type`, `data`) VALUES
(1, 1, 'pick-one', 'a:3:{s:8:"question";s:44:"Как расшифровывается PHP?";s:7:"answers";a:4:{i:0;s:6:"asdasd";i:1;s:5:"asdad";i:2;s:8:"asdadssd";i:3;s:9:"asdasdasd";}s:14:"correct_answer";i:1;}'),
(2, 1, 'pick-one', 'a:3:{s:8:"question";s:15:"Автор PHP?";s:7:"answers";a:4:{i:0;s:6:"asdasd";i:1;s:5:"asddf";i:2;s:4:"dfdf";i:3;s:6:"dsdasa";}s:14:"correct_answer";i:3;}'),
(3, 1, 'pick-one', 'a:3:{s:8:"question";s:28:"Год создания PHP?";s:7:"answers";a:4:{i:0;s:4:"1234";i:1;s:4:"1245";i:2;s:4:"1989";i:3;s:4:"1995";}s:14:"correct_answer";i:1;}'),
(4, 1, 'pick-one', 'a:3:{s:8:"question";s:28:"Предназначение";s:7:"answers";a:4:{i:0;s:6:"ячс";i:1;s:6:"ыфв";i:2;s:6:"ыва";i:3;s:10:"ываыв";}s:14:"correct_answer";i:1;}'),
(5, 2, 'pick-one', 'a:3:{s:8:"question";s:59:"Кто открыл второй закон Ньютона?";s:7:"answers";a:4:{i:0;s:2:"Я";i:1;s:4:"Он";i:2;s:6:"Она";i:3;s:6:"Они";}s:14:"correct_answer";i:1;}'),
(6, 3, 'pick-one', 'a:3:{s:8:"question";s:1:"!";s:7:"answers";a:4:{i:0;s:1:"1";i:1;s:1:"2";i:2;s:1:"3";i:3;s:1:"4";}s:14:"correct_answer";i:1;}'),
(7, 12, 'pick-one', 'a:3:{s:8:"question";s:59:"Кто открыл второй закон Ньютона?";s:7:"answers";a:4:{i:0;s:2:"Я";i:1;s:4:"Он";i:2;s:6:"Она";i:3;s:6:"Оно";}s:14:"correct_answer";i:1;}');

/*
--
-- Дамп данных таблицы `regions`
--

INSERT INTO `regions` (`region_id`, `code`, `name`) VALUES
(1, 01, 'Республика Адыгея'),
(2, 02, 'Республика Башкортостан'),
(3, 04, 'Республика Алтай'),
(4, 06, 'Республика Ингушетия'),
(5, 07, 'Кабардино-Балкарская Республика'),
(6, 09, 'Карачаево-Черкесская Республика'),
(7, 10, 'Республика Карелия'),
(8, 11, 'Республика Коми'),
(9, 12, 'Республика Марий Эл'),
(10, 13, 'Республика Мордовия'),
(11, 14, 'Республика Саха (Якутия)'),
(12, 16, 'Республика Татарстан'),
(13, 17, 'Республика Тыва'),
(14, 18, 'Удмуртская Республика'),
(15, 19, 'Республика Хакасия'),
(16, 21, 'Чувашская Республика'),
(17, 22, 'Алтайский край'),
(18, 23, 'Краснодарский край'),
(19, 25, 'Приморский край'),
(20, 26, 'Ставропольский край'),
(21, 27, 'Хабаровский край'),
(22, 28, 'Амурская область'),
(23, 29, 'Архангельская область'),
(24, 30, 'Астраханская область'),
(25, 31, 'Белгородская область'),
(26, 32, 'Брянская область'),
(27, 33, 'Владимирская область'),
(28, 34, 'Волгоградская область'),
(29, 35, 'Вологодская область'),
(30, 36, 'Воронежская область'),
(31, 37, 'Ивановская область'),
(32, 38, 'Иркутская область'),
(33, 39, 'Калининградская область'),
(34, 40, 'Калужская область'),
(35, 41, 'Камчатский край'),
(36, 42, 'Кемеровская область'),
(37, 43, 'Кировская область'),
(38, 44, 'Костромская область'),
(39, 45, 'Курганская область'),
(40, 46, 'Курская область'),
(41, 47, 'Ленинградская область'),
(42, 48, 'Липецкая область'),
(43, 49, 'Магаданская область'),
(44, 50, 'Московская область'),
(45, 51, 'Мурманская область'),
(46, 52, 'Нижегородская область'),
(47, 54, 'Новосибирская область'),
(48, 55, 'Омская область'),
(49, 56, 'Оренбургская область'),
(50, 57, 'Орловская область'),
(51, 58, 'Пензенская область'),
(52, 59, 'Пермский край'),
(53, 60, 'Псковская область'),
(54, 61, 'Ростовская область'),
(55, 62, 'Рязанская область'),
(56, 63, 'Самарская область'),
(57, 64, 'Саратовская область'),
(58, 65, 'Сахалинская область'),
(59, 67, 'Смоленская область'),
(60, 68, 'Тамбовская область'),
(61, 69, 'Тверская область'),
(62, 70, 'Томская область'),
(63, 71, 'Тульская область'),
(64, 72, 'Тюменская область'),
(65, 73, 'Ульяновская область'),
(66, 74, 'Челябинская область'),
(67, 75, 'Забайкальский край'),
(68, 76, 'Ярославская область'),
(69, 79, 'Еврейская автономная область'),
(71, 83, 'Ненецкий автономный округ'),
(73, 86, 'Ханты-Мансийский автономный округ — Югра'),
(74, 87, 'Чукотский автономный округ'),
(75, 89, 'Ямало-Ненецкий автономный округ'),
(77, 20, 'Чеченская Республика'),
(78, 66, 'Свердловская область'),
(79, 53, 'Новгородская область'),
(84, 03, 'Республика Бурятия'),
(87, 24, 'Красноярский край'),
(89, 15, 'Республика Северная Осетия — Алания'),
(92, 08, 'Республика Калмыкия'),
(98, 05, 'Республика Дагестан');
*/

--
-- Дамп данных таблицы `sections`
--

INSERT INTO `sections` (`section_id`, `discipline_id`, `title`, `number`) VALUES
(1, 3, 'Раздел 1', 1),
(2, 3, 'Раздел 2(!)', 2),
(3, 3, 'Раздел 3', 3),
(4, 1, 'Название раздела', 1),
(5, 6, 'Основы сайтостроения', 1),
(6, 6, 'Язык разметки гипертекста HTML', 2),
(7, 6, 'Основы WEB-дизайна', 3),
(8, 6, 'Технологический процесс разработки WEB-страницы. Основные этапы создания WEB-сайта ', 4),
(9, 6, 'Размещение WEB-сайта в сети Интернет', 5),
(10, 6, 'Сопровождение и реклама WEB-сайта ', 6),
(11, 2, 'Название раздела', 1),
(12, 1, 'jhggg1', 2),
(13, 4, 'Раздел 1 платнной дисц 2', 1),
(14, 5, '1 разд пл д 3', 0),
(15, 4, '2 раздел платной дисц 2', 2),
(18, 4, 'разд 3 пл 2', 3),
(19, 7, 'еще 1 раздел', 1);

--
-- Дамп данных таблицы `tests`
--

INSERT INTO `tests` (`test_id`, `theme`, `num_questions`, `time_limit`, `attempts_limit`, `errors_limit`) VALUES
(1, 'PHP', 3, 360, 1, 1),
(12, 'Тест по плст', 1, 120, 10, 12);

--
-- Дамп данных таблицы `users`
--

INSERT INTO `users` (`user_id`, `login`, `passwd`, `role`, `email`, `surname`, `name`, `patronymic`, `status`, `curator`, `date_reg`) VALUES
(1, 'admin', '55306fb33a23e6b604e868c6c1e019e5', 'admin', 'admin@remote-edu.localhost', 'Админов', 'Админ', 'Админович', 'active', NULL, NULL),
(2, 'teacher', '55306fb33a23e6b604e868c6c1e019e5', 'teacher', 'teacher@remote-edu.localhost', 'Преподов', 'Препод', 'Преподович', 'active', NULL, NULL),
(3, 'student', '55306fb33a23e6b604e868c6c1e019e5', 'student', 'student@remote-edu.localhost', 'Джигурда', 'Дмитрий', 'Владимирович', 'active', 2, NULL),
(5, 'student1', '55306fb33a23e6b604e868c6c1e019e5', 'student', 'steveg0912@gmail.com', 'Фы', 'Фы', 'Фы', 'inactive', NULL, NULL),
(6, 'student2', '55306fb33a23e6b604e868c6c1e019e5', 'student', 'steve111@yandex.ru', 'Лемнев', 'Сергей', 'Владимирович', 'active', NULL, NULL),
(7, 'student0', '55306fb33a23e6b604e868c6c1e019e5', 'student', '0@localhost.ru', NULL, NULL, NULL, 'active', NULL, '2011-07-06'),
(8, 'prepod', '55306fb33a23e6b604e868c6c1e019e5', 'teacher', 'awej@zDGjh.ru', 'Фамильев', 'Имя', 'Отчествович', 'active', NULL, '2011-07-07'),
(9, 'stepan', '55306fb33a23e6b604e868c6c1e019e5', 'student', 'a@ru.ru', 'Баранов', 'Степашка', 'Дельтопланович', 'active', NULL, '2011-07-07');

